sourceCode;sourceName;sourceFrequency;matchScore;mappingStatus;targetConceptId;targetConceptName;targetVocabularyId;targetDomainId;targetStandardConcept;targetChildCount;targetParentCount;targetConceptClassId;targetConceptCode;targetValidStartDate;targetValidEndDate;targetInvalidReason
83;butcher;2;0.88;FLAGGED;4142178;Lutcher;OSM;Geography;S;0;1;8th level;131569;19700101;20991231;
5;diourbel ;3;0.67;FLAGGED;4196078;Salmonella Diourbel;SNOMED;Observation;S;0;1;Organism;44109007;20020131;20991231;
5;goat;5;1.0;APPROVED;36662455;Goat;LOINC;Meas Value;S;0;0;Answer;LA31039-3;19700101;20991231;
19;tailoring;41;0.65;FLAGGED;4026865;Fur tailor;SNOMED;Observation;S;0;1;Social Context;61228002;20020131;20991231;
2;third party;453;0.76;FLAGGED;4083438;Third party encounter;SNOMED;Procedure;S;1;1;Procedure;185318008;20020131;20991231;
6;saint louis;3;1.0;FLAGGED;42077491;Saint Louis;OSM;Geography;S;0;1;8th level;185232;19700101;20991231;
7;tambacounda;3;0.75;FLAGGED;4240696;Salmonella Tambacounda;SNOMED;Observation;S;0;1;Organism;57861008;20020131;20991231;
1;contact_with_animals;370;0.7;APPROVED;4267363;Pet ownership - finding;SNOMED;Observation;S;5;0;Clinical Finding;365482007;20170605;20991231;
8;louga;2;0.8;FLAGGED;41954933;Plougar;OSM;Geography;S;0;1;8th level;1226869;19700101;20991231;
9;diourbel;1;0.7;FLAGGED;4196078;Salmonella Diourbel;SNOMED;Observation;S;0;1;Organism;44109007;20020131;20991231;
2;sinopharm;33;0.5;FLAGGED;45880022;Lisinopril Oral Tablet [LISINOPRIL RATIOPHARM];RxNorm Extension;Drug;S;4;4;Branded Drug Form;OMOP499073;20170824;20991231;
10;ziguinchor;1;0.53;FLAGGED;41925237;Zigui County;OSM;Geography;S;0;1;6th level;2719052;19700101;20991231;
3;johnson;26;1.0;FLAGGED;45880022;Johnson;OSM;Geography;S;0;1;9th level;199098;19700101;20991231;
8;RT-PCR IHU_MI2 MARSEILLE;1;0.33;FLAGGED;3013637;Mi-2 Ab [Presence] in Serum;LOINC;Measurement;S;0;3;Lab Test;18485-3;19980825;20991231;
11;kaolack;1;0.78;FLAGGED;984801;kaolin;RxNorm;Drug;S;312;34;Ingredient;6102;19700101;20991231;
4;pfizer;4;0.6;FLAGGED;45880022;Finasteride 5 MG Oral Tablet by Pfizer;RxNorm Extension;Drug;S;0;1;Marketed Product;OMOP377410;20170824;20991231;
2;thies;5077;0.93;FLAGGED;42005142;Thiesi;OSM;Geography;S;0;1;8th level;40549;19700101;20991231;
9;GenXpert;1;0.68;FLAGGED;42032606;Dinxperlo;OSM;Geography;S;0;1;10th level;2714948;19700101;20991231;
7;beef;3;1.0;APPROVED;4037235;Beef;SNOMED;Observation;S;9;2;Substance;226916002;20020131;20991231;
3;thies ;6;0.86;FLAGGED;42005142;Thiesi;OSM;Geography;S;0;1;8th level;40549;19700101;20991231;
16;other;48;1.0;FLAGGED;45878142;Other;LOINC;Meas Value;S;0;0;Answer;LA46-8;19700101;20991231;
8;pork;3;1.0;APPROVED;4037243;Pork;SNOMED;Observation;S;9;1;Substance;226934003;20020131;20991231;
4;fatick;5;0.73;FLAGGED;42073627;Natick;OSM;Geography;S;0;1;8th level;1865757;19700101;20991231;
10;Exi PREP;1;0.48;FLAGGED;4313629;Pauxi pauxi;SNOMED;Observation;S;0;1;Organism;425385008;20070131;20991231;
47;customer service;8;0.72;FLAGGED;4148672;Social services department customer services;SNOMED;Observation;S;0;1;Qualifier Value;310135007;20020131;20991231;
98;hygiene services;1;0.88;FLAGGED;4050509;Dental hygiene service;SNOMED;Observation;S;0;1;Qualifier Value;8,28191E+14;20120401;20991231;
1;dakar;8304;0.74;FLAGGED;41925530;Dakang;OSM;Geography;S;0;1;8th level;2172874;19700101;20991231;
69;production services;3;0.76;FLAGGED;4140411;Reproductive service;SNOMED;Observation;S;0;1;Qualifier Value;3,551E+12;20150901;20991231;
27;logistics;25;0.66;FLAGGED;36685703;Ecologist;SNOMED;Observation;S;0;1;Social Context;159140009;20020131;20991231;
5;Da An Gen Co, Chine;913;0.28;FLAGGED;1617287;Tobacco, Alcohol, Prescription medications, and other Substance use screen [TAPS];LOINC;Observation;S;5;2;Survey;96841-2;20210823;20991231;
80;procurement services;2;0.7;FLAGGED;4149155;Ear, nose and throat service;SNOMED;Observation;S;3;1;Qualifier Value;310149003;20020131;20991231;
6;TaqPath COVID-19 RT-PCR;678;0.67;FLAGGED;37168088;Detection of ribonucleic acid of SARS-CoV-2 using microchip real time polymerase chain reaction;SNOMED;Measurement;S;0;1;Observable Entity;1269559008;20230430;20991231;
81;craftsman_artisan;2;0.51;FLAGGED;4024737;Draftsman;SNOMED;Observation;S;15;1;Social Context;106271003;20020131;20991231;
90;inspector;2;0.81;FLAGGED;4139262;Inspection;SNOMED;Procedure;S;18;1;Procedure;32750006;20020131;20991231;
100;cooperation officer;1;0.67;FLAGGED;4176296;Cooperative mental state;SNOMED;Observation;S;0;1;Clinical Finding;427867005;20080131;20991231;
7;LabGUN COVID 19;148;0.31;FLAGGED;705076;Post-acute COVID-19;OMOP Extension;Condition;S;0;1;Disorder;OMOP5160861;20211215;20991231;
64;institutional worker;4;0.71;FLAGGED;4204501;Metal worker;SNOMED;Observation;S;10;1;Social Context;308288000;20020131;20991231;
102;diplomat;1;0.68;FLAGGED;36854423;INDIPLON;RxNorm Extension;Drug;S;0;0;Ingredient;OMOP5172038;19700101;20991231;
96;liberal profession;1;0.61;FLAGGED;44804373;Professional practice;SNOMED;Observation;S;0;1;Qualifier Value;7,20061E+14;20101001;20991231;
78;advisor;2;0.74;FLAGGED;4009366;Management consultant;SNOMED;Observation;S;0;1;Social Context;158885002;20020131;20991231;
5;outbound traveler;21;0.67;FLAGGED;45879794;Outbound communication;SNOMED;Meas Value;S;0;1;Qualifier Value;3,971E+12;20150901;20991231;
1;astrazeneca;44;0.63;FLAGGED;45880022;Atropine 0.5 MG/ML Injection by Astrazeneca;RxNorm Extension;Drug;S;0;1;Marketed Product;OMOP555620;20170824;20991231;
6;inbound traveler;11;0.6;FLAGGED;762458;Inbound communication;SNOMED;Meas Value;S;0;1;Qualifier Value;3,961E+12;20150901;20991231;
1;Direct search for SARS-CoV-2 RNA  NEGATIVE;8181;0.58;FLAGGED;45880296;Detection of ribonucleic acid of SARS-CoV-2 using polymerase chain reaction;SNOMED;Measurement;S;1;1;Observable Entity;871560001;20200731;20991231;
11;Abbott Rt-PCR ID-NOW;1;0.45;FLAGGED;42059620;Abbott;OSM;Geography;S;0;1;8th level;3488445;19700101;20991231;
3;cape verde;1;0.71;FLAGGED;37162466;Vale Verde;OSM;Geography;S;0;1;10th level;5316676;19700101;20991231;
1;Allplex Seegene;5327;0.51;FLAGGED;41981118;Seeg;OSM;Geography;S;0;1;8th level;448306;19700101;20991231;
2;contact;2121;0.75;APPROVED;756077;Contact identifier Contact;LOINC;Observation;S;0;1;Clinical Observation;94650-9;20200403;20991231;
2;Direct search for SARS-CoV-2 RNA  POSITIVE;4850;0.59;FLAGGED;1092311;Detection of ribonucleic acid of SARS-CoV-2 using polymerase chain reaction;SNOMED;Measurement;S;1;1;Observable Entity;871560001;20200731;20991231;
2;Abbott Real Time SARS-COV-2;2698;0.73;FLAGGED;37311065;SARS-CoV-2;SNOMED;Observation;S;0;1;Organism;840533007;20200131;20991231;
3;To be retested;375;0.53;FLAGGED;44795852;To be done;SNOMED;Observation;S;0;1;Qualifier Value;385643006;20030131;20991231;
3;PFP Sansure Biotech;2382;0.37;FLAGGED;41947311;Le Biot;OSM;Geography;S;0;1;8th level;107225;19700101;20991231;
4;ABBOTT m2000_SARS-COV-2;1185;0.52;FLAGGED;37311065;SARS-CoV-2;SNOMED;Observation;S;0;1;Organism;840533007;20200131;20991231;
3;dogs;16;1.0;APPROVED;3267122;Dogs;SNOMED;Observation;S;14;1;Organism;106969009;20020131;20991231;
3;severe;90;1.0;APPROVED;605554;Acute Covid 19;LOINC;Meas Value;S;0;0;Answer;LA6750-9;19700101;20991231;
4;cat;5;1.0;APPROVED;45882565;Cat;LOINC;Meas Value;S;0;0;Answer;LA14179-8;19700101;20991231;
3;merchant;264;0.71;APPROVED;4010439;Shopkeeper;SNOMED;Observation;S;1;1;Social Context;159416007;20020131;20991231;
13;mechanic;55;0.96;APPROVED;4119472;Electrical mechanic;SNOMED;Observation;S;0;1;Social Context;302319009;20020131;20991231;
1;patient;12953;1.0;APPROVED;45880001;Patient;LOINC;Meas Value;S;0;0;Answer;LA4634-7;19700101;20991231;
29;hairdresser;19;1.0;APPROVED;4204483;Hairdresser;SNOMED;Observation;S;4;1;Social Context;308223007;20020131;20991231;
1;student;449;1.0;APPROVED;4277918;Student;SNOMED;Observation;S;4;0;Social Context;65853000;20020131;20991231;
43;livestock farming;11;0.88;APPROVED;4180249;Livestock farmer;SNOMED;Observation;S;0;1;Social Context;52060003;20020131;20991231;
84;official;2;0.64;APPROVED;4059375;Government executive official;SNOMED;Observation;S;0;2;Social Context;16849006;20020131;20991231;
6;horse;4;1.0;APPROVED;36662346;Horse;LOINC;Meas Value;S;0;0;Answer;LA31042-7;19700101;20991231;
4;retired;162;1.0;APPROVED;37016772;Retired worker;SNOMED;Observation;S;0;0;Social Context;712889009;20160131;20991231;
66;legal sector;4;0.74;APPROVED;4028691;Lawyer;SNOMED;Observation;S;0;1;Social Context;12877000;20020131;20991231;
2;housekeeper;410;0.88;APPROVED;4050045;Working housekeeper;SNOMED;Observation;S;0;1;Social Context;159723009;20020131;20991231;
85;research;2;1.0;APPROVED;35625940;Researcher;SNOMED;Observation;S;3;1;Social Context;769038007;20180731;20991231;
14;dog;16;1.0;APPROVED;45884490;Dog;LOINC;Meas Value;S;0;0;Answer;LA14178-0;19700101;20991231;
30;religious worker;17;0.78;APPROVED;4024857;Worker in religion;SNOMED;Observation;S;2;2;Social Context;106310008;20020131;20991231;
1;married;9400;1.0;APPROVED;4338692;Married;SNOMED;Observation;S;7;1;Clinical Finding;87915002;20020131;20991231;
14;security services;51;0.78;APPROVED;4202006;Security services occupation;SNOMED;Observation;S;3;1;Social Context;308199006;20020131;20991231;
6;finance professional;136;0.67;APPROVED;4270911;Finance clerk;SNOMED;Observation;S;3;2;Social Context;63804002;20020131;20991231;
1;benign;7822;1.0;APPROVED;45880925;Benign;LOINC;Meas Value;S;0;0;Answer;LA6675-8;19700101;20991231;
86;firefighter;2;1.0;APPROVED;4024315;Fire fighter;SNOMED;Observation;S;5;2;Social Context;106382009;20020131;20991231;
20;industrial worker;41;0.9;APPROVED;4146330;Industrial social worker;SNOMED;Observation;S;0;1;Social Context;307985009;20020131;20991231;
2;single;3405;1.0;APPROVED;4053842;Single person;SNOMED;Observation;S;6;1;Clinical Finding;125681006;20020131;20991231;
44;aviation worker;10;0.7;APPROVED;4147399;Aircrew;SNOMED;Observation;S;1;1;Social Context;308049009;20020131;20991231;
67;reception_front_desk;4;0.41;APPROVED;4266235;Hotel receptionist;SNOMED;Observation;S;0;2;Social Context;61315006;20020131;20991231;
31;entrepreneur;16;0.58;APPROVED;4143813;Top manager - business;SNOMED;Observation;S;5;1;Social Context;265912005;20020131;20991231;
1;sheep;107;1.0;APPROVED;4051827;Ovis aries;SNOMED;Observation;S;0;1;Organism;125099002;20020131;20991231;
2;moderate;2198;1.0;APPROVED;45877983;Moderate;LOINC;Meas Value;S;0;0;Answer;LA6751-7;19700101;20991231;
15;salesperson;51;0.71;APPROVED;4012060;Salesman;SNOMED;Observation;S;0;1;Social Context;159611007;20020131;20991231;
5;education sector;140;0.72;APPROVED;4146801;Education profession;SNOMED;Observation;S;5;1;Social Context;307972006;20020131;20991231;
87;mining_geology;2;0.27;APPROVED;4025376;Mining engineer;SNOMED;Observation;S;4;1;Social Context;106267001;20020131;20991231;
2;chicken;22;1.0;APPROVED;3053366;Chicken;SNOMED;Observation;S;0;1;Organism;2022008;20020131;20991231;
45;assistant;10;0.77;APPROVED;4009550;Personal assistant;SNOMED;Observation;S;0;1;Social Context;158881006;20020131;20991231;
32;economist;16;1.0;APPROVED;4024160;Economist;SNOMED;Observation;S;3;2;Social Context;106301000;20020131;20991231;
7;medical staff;121;0.57;APPROVED;4145395;Public health officer;SNOMED;Observation;S;0;1;Social Context;307969004;20020131;20991231;
10;fish;1;1.0;APPROVED;42539493;Fish;SNOMED;Observation;S;10;1;Substance;735971005;20180131;20991231;
10;public service;76;1.0;APPROVED;4213565;Public relations officer;SNOMED;Observation;S;0;2;Social Context;39255004;20020131;20991231;
11;donkey;4;1.0;APPROVED;42596036;Donkey;SNOMED;Observation;S;0;1;Organism;3,0751E+13;20020131;20991231;
8;laborer;114;1.0;APPROVED;4026886;Laborer;SNOMED;Observation;S;5;1;Social Context;106540006;20020131;20991231;
12;pigeon;2;1.0;APPROVED;40345910;Pigeon;SNOMED;Observation;S;3;1;Organism;260198005;20070131;20991231;
21;construction sector;36;0.79;APPROVED;4023808;Construction worker;SNOMED;Observation;S;30;2;Social Context;106524008;20020131;20991231;
13;bird;2;1.0;APPROVED;4302848;Bird;SNOMED;Observation;S;25;1;Organism;387972009;20030131;20991231;
11;technician;73;1.0;APPROVED;4024738;Engineering technician;SNOMED;Observation;S;5;2;Social Context;106278009;20020131;20991231;
46;freight forwarder;8;0.7;APPROVED;4011293;Freight clerk;SNOMED;Observation;S;0;1;Social Context;159533003;20020131;20991231;
88;development worker;2;0.84;APPROVED;44803991;Community development worker;SNOMED;Observation;S;0;1;Qualifier Value;7,18571E+14;20101001;20991231;
22;agent;35;0.93;APPROVED;4010804;Site agent;SNOMED;Observation;S;0;1;Social Context;159342006;20020131;20991231;
33;police officer;15;1.0;APPROVED;4031180;Policeman;SNOMED;Observation;S;3;1;Social Context;14406004;20020131;20991231;
1;cac_1000;21;0.19;FLAGGED;4042853;Catalytic activity;SNOMED;Observation;S;0;1;Qualifier Value;118523000;20020131;20991231;
97;economic operator;1;0.63;APPROVED;4024160;Economist;SNOMED;Observation;S;3;2;Social Context;106301000;20020131;20991231;
68;sociologist_social scientist;4;0.53;APPROVED;4219056;Sociologist;SNOMED;Observation;S;0;1;Social Context;824004;20020131;20991231;
9;duck;1;1.0;APPROVED;42065133;Duck;OSM;Geography;S;0;1;8th level;177285;19700101;20991231;
12;engineer;61;1.0;APPROVED;4023457;Engineer;SNOMED;Observation;S;25;1;Social Context;106269003;20020131;20991231;
89;audiovisual;2;0.83;APPROVED;4010145;Audiovisual aids operator;SNOMED;Observation;S;0;1;Social Context;159103001;20020131;20991231;
9;transportation;85;1.0;APPROVED;4202166;Transport occupation;SNOMED;Observation;S;7;1;Social Context;308384000;20020131;20991231;
17;agriculture;48;0.79;APPROVED;4023490;Farmer;SNOMED;Observation;S;3;1;Social Context;106388008;20020131;20991231;
1;perfalgan;64;0.74;APPROVED;43834892;Aspirin 10 MG/ML [Perfalgan];RxNorm Extension;Drug;S;4;2;Branded Drug Comp;OMOP905314;20170824;20991231;
1;pcr;13403;1.0;APPROVED;40482792;Quantitative PCR analysis;SNOMED;Procedure;S;0;1;Procedure;443686007;20100131;20991231;
34;laboratory worker;14;0.79;APPROVED;4010785;Laboratory technician;SNOMED;Observation;S;10;1;Social Context;159282002;20020131;20991231;
2;moderate;43;1.0;APPROVED;45877983;Moderate;LOINC;Meas Value;S;0;0;Answer;LA6751-7;19700101;20991231;
26;electronics;25;0.84;APPROVED;4097082;Electronics engineer (general);SNOMED;Observation;S;0;1;Social Context;26465001;20020131;20991231;
2;serology;3;0.77;APPROVED;4246053;Blood test;SNOMED;Measurement;S;27;1;Procedure;396550006;20030731;20991231;
3;severe;142;1.0;APPROVED;45883536;Severe;LOINC;Meas Value;S;0;0;Answer;LA6750-9;19700101;20991231;
1;alive;13354;1.0;APPROVED;4230556;Alive;SNOMED;Observation;S;0;1;Clinical Finding;438949009;20090131;20991231;
1;efferalgan;55;0.66;APPROVED;43146071;Acetaminophen Oral Tablet [EFFERALGAN];RxNorm Extension;Drug;S;2;4;Branded Drug Form;OMOP450235;20170824;20991231;
99;boiler-making_piping;1;0.33;APPROVED;4051090;Boiler operator;SNOMED;Observation;S;1;1;Social Context;160218002;20020131;20991231;
18;IT specialist;47;0.86;APPROVED;4341519;Computer engineer;SNOMED;Observation;S;0;1;Social Context;236301003;20020131;20991231;
93;road transport;1;0.77;APPROVED;4050667;Road transport occupation;SNOMED;Observation;S;11;1;Social Context;160183009;20020131;20991231;
2;deceased;52;1.0;APPROVED;45885033;Deceased;LOINC;Meas Value;S;0;0;Answer;LA10939-9;19700101;20991231;
48;telecommunication;8;1.0;APPROVED;4215833;Telecommunications engineer;SNOMED;Observation;S;0;1;Social Context;41705009;20020131;20991231;
1;doliprane;69;0.68;APPROVED;43212028;Acetaminophen Oral Tablet [DOLIPRANE];RxNorm Extension;Drug;S;2;4;Branded Drug Form;OMOP450232;20170824;20991231;
28;journalist;21;1.0;APPROVED;4105610;Journalist;SNOMED;Observation;S;2;1;Social Context;29536009;20020131;20991231;
3;widowed;295;1.0;APPROVED;4143188;Widowed;SNOMED;Observation;S;3;1;Clinical Finding;33553000;20020131;20991231;
35;electricity_electrical services;14;0.37;APPROVED;4119472;Electrical mechanic;SNOMED;Observation;S;0;1;Social Context;302319009;20020131;20991231;
23;executive_manager;33;0.45;APPROVED;37151735;Chief executive officer;SNOMED;Observation;S;1;0;Social Context;1,0113E+15;20230731;20991231;
63;veterinarian;4;1.0;APPROVED;4024154;Veterinarian;SNOMED;Observation;S;3;2;Social Context;106290006;20020131;20991231;
1;Nasal_throat_Nasopharyngeal_swab;13405;0.39;FLAGGED;4023211;Collection of nasal pharyngeal aspirate;SNOMED;Procedure;S;0;1;Physical Object;465168003;20140731;20991231;
94;project manager;1;0.88;APPROVED;4025521;Manager;SNOMED;Observation;S;22;1;Social Context;106333009;20020131;20991231;
1;recent_travel;1002;0.47;APPROVED;40481621;Recent air travel;SNOMED;Observation;S;0;1;Event;445000002;20100731;20991231;
1;vitamine_c;176;0.32;APPROVED;19008339;vitamin A;RxNorm;Drug;S;2895;92;Ingredient;11246;19700101;20991231;
4;divorced;184;1.0;APPROVED;4069297;Divorced;SNOMED;Observation;S;0;1;Clinical Finding;20295000;20020131;20991231;
24;manager;33;1.0;APPROVED;4025521;Manager;SNOMED;Observation;S;22;1;Social Context;106333009;20020131;20991231;
95;archivist;1;1.0;APPROVED;4169583;Archivist;SNOMED;Observation;S;0;1;Social Context;48943007;20020131;20991231;
5;engaged;1;1.0;APPROVED;4204399;Engaged to be married;SNOMED;Observation;S;0;2;Clinical Finding;54986009;20020131;20991231;
91;oil_gas;2;0.19;APPROVED;4203717;Oiler;SNOMED;Observation;S;0;1;Social Context;308304002;20020131;20991231;
82;navigator;2;0.9;APPROVED;4309793;Flight navigator;SNOMED;Observation;S;0;1;Social Context;85386003;20020131;20991231;
1;asthma;54;1.0;APPROVED;317009;Asthma;SNOMED;Condition;S;30;1;Disorder;195967001;20020131;20991231;
49;real estate sector;8;0.54;APPROVED;4009083;Estate agent;SNOMED;Observation;S;1;1;Social Context;158857004;20020131;20991231;
1;contact_with_case;2710;0.23;APPROVED;756077;Close contact with confirmed COVID-19 case patient;OMOP Extension;Observation;S;1;2;Event;OMOP4873960;20200318;20991231;
92;biochemistry;2;0.9;APPROVED;4146991;Biochemist;SNOMED;Observation;S;0;2;Social Context;35513000;20020131;20991231;
1;body_aches;651;0.23;APPROVED;4325423;Soreness;SNOMED;Condition;S;2;1;Clinical Finding;71393004;20020131;20991231;
39;employee;12;0.84;APPROVED;4023811;Worker;SNOMED;Observation;S;14;0;Social Context;106541005;20020131;20991231;
1;hospitalization;1347;1.0;APPROVED;45884746;Hospitalization;LOINC;Meas Value;S;0;0;Answer;LA15417-1;19700101;20991231;
1;pain;267;1.0;APPROVED;4329041;Pain;SNOMED;Condition;S;75;1;Clinical Finding;22253000;20020131;20991231;
1;mild;9003;1.0;APPROVED;45883535;Mild;LOINC;Meas Value;S;0;0;Answer;LA6752-5;19700101;20991231;
101;automotive sector;1;0.71;APPROVED;4148859;Automotive engineer;SNOMED;Observation;S;0;1;Social Context;35414008;20020131;20991231;
40;fishing;12;1.0;APPROVED;4203593;Fishing supervisor;SNOMED;Observation;S;0;1;Social Context;308231002;20020131;20991231;
3;confirmed SAD;1958;0.84;APPROVED;36310513;Confirmed case;LOINC;Meas Value;S;0;0;Answer;LA21244-1;19700101;20991231;
1;joint_pain;267;0.43;APPROVED;77074;Joint pain;SNOMED;Condition;S;24;2;Clinical Finding;57676002;20020131;20991231;
1;azicure;103;0.58;APPROVED;36853655;TRETAZICAR;RxNorm Extension;Drug;S;0;1;Ingredient;OMOP5171271;19700101;20991231;
77;maritime sector;2;0.58;APPROVED;4008035;Sailing;SNOMED;Observation;S;0;1;Qualifier Value;102400000;20020131;20991231;
25;catering_restaurant;27;0.41;APPROVED;4050342;Food processor - cooker;SNOMED;Observation;S;0;1;Social Context;159894002;20020131;20991231;
56;defense forces;6;0.59;APPROVED;4117937;Officer - armed forces;SNOMED;Observation;S;0;1;Social Context;302312000;20020131;20991231;
65;athlete;4;0.75;APPROVED;4023476;Athlete, sportsman AND/OR related worker;SNOMED;Observation;S;4;2;Social Context;106325008;20020131;20991231;
2;Nasopharyngeal aspiration;1;0.98;APPROVED;4109225;Taking of swab;SNOMED;Procedure;S;1;2;Procedure;232701003;20020131;20991231;
41;artist;11;1.0;APPROVED;4011579;Artist;SNOMED;Observation;S;5;1;Social Context;159062006;20020131;20991231;
1;anosmia;311;1.0;APPROVED;4185711;Loss of sense of smell;SNOMED;Observation;S;3;1;Clinical Finding;44169009;20020131;20991231;
4;confirmed SCTE;51;0.77;APPROVED;36310513;Confirmed case;LOINC;Meas Value;S;0;0;Answer;LA21244-1;19700101;20991231;
1;headache;3424;1.0;APPROVED;378253;Headache;SNOMED;Condition;S;48;2;Clinical Finding;25064002;20020131;20991231;
1;ageusia;148;1.0;APPROVED;4289517;Loss of taste;SNOMED;Observation;S;4;3;Clinical Finding;36955009;20020131;20991231;
1;azithromycin;78;1.0;APPROVED;1734104;azithromycin;RxNorm;Drug;S;749;38;Ingredient;18631;19700101;20991231;
1;traditional_healer_consulted;234;0.32;APPROVED;764647;Seen by traditional medicine practitioner;SNOMED;Observation;S;0;1;Clinical Finding;4,991E+12;20120301;20991231;
57;marketing;6;1.0;APPROVED;4009540;Marketing manager;SNOMED;Observation;S;0;1;Social Context;158837003;20020131;20991231;
73;beautician;3;1.0;APPROVED;4287532;Beautician;SNOMED;Observation;S;1;1;Social Context;68529004;20020131;20991231;
70;business;3;1.0;APPROVED;4147423;Business - top men;SNOMED;Observation;S;0;1;Social Context;308169002;20020131;20991231;
42;hospitality;11;0.84;APPROVED;4266235;Hotel receptionist;SNOMED;Observation;S;0;2;Social Context;61315006;20020131;20991231;
1;diarrhea;123;1.0;APPROVED;196523;Diarrhea;SNOMED;Condition;S;10;1;Clinical Finding;62315008;20020131;20991231;
79;unemployed;2;1.0;APPROVED;4251171;Unemployed;SNOMED;Observation;S;2;1;Clinical Finding;73438004;20020131;20991231;
103;maintenance;1;0.84;APPROVED;4010795;Maintenance technician;SNOMED;Observation;S;2;1;Social Context;159306003;20020131;20991231;
1;runny_nose;3650;0.33;APPROVED;4149990;Nasal discharge present;SNOMED;Observation;S;0;1;Context-dependent;267101005;20020131;20991231;
1;dyspnea;502;1.0;APPROVED;312437;Dyspnea;SNOMED;Condition;S;23;1;Clinical Finding;267036007;20020131;20991231;
36;welder;13;1.0;APPROVED;4208244;Gas and electric welder (general);SNOMED;Observation;S;8;2;Social Context;54936003;20020131;20991231;
71;auditor;3;1.0;APPROVED;4264373;Auditor;SNOMED;Observation;S;0;1;Social Context;4485003;20020131;20991231;
53;surveyor;7;1.0;APPROVED;4023458;Surveyor;SNOMED;Observation;S;10;1;Social Context;106270002;20020131;20991231;
58;director;5;0.88;APPROVED;4038600;General manager;SNOMED;Observation;S;0;2;Social Context;1637009;20020131;20991231;
1;paracetamol;133;0.83;APPROVED;41144113;Acetaminophen Oral Tablet [Paracetamol Al];RxNorm Extension;Drug;S;1;4;Branded Drug Form;OMOP2342075;20170824;20991231;
1;dizziness;77;1.0;APPROVED;4012520;Dizziness present;SNOMED;Observation;S;0;1;Context-dependent;162260006;20020131;20991231;
74;manufacturing;2;1.0;APPROVED;44804055;Manufacturing industry;SNOMED;Observation;S;0;1;Qualifier Value;7,18881E+14;20101001;20991231;
72;pharmacy;3;1.0;APPROVED;4149140;Pharmacy service;SNOMED;Observation;S;1;1;Qualifier Value;310080006;20020131;20991231;
1;cough;7320;1.0;APPROVED;4137801;Coughing;SNOMED;Observation;S;0;1;Observable Entity;263731006;20020131;20991231;
50;civil servant;8;1.0;APPROVED;4342009;Civil servant;SNOMED;Observation;S;0;1;Social Context;236297007;20020131;20991231;
1;sore_throat;3415;0.36;APPROVED;4036632;Has a sore throat;SNOMED;Observation;S;0;1;Context-dependent;162388002;20020131;20991231;
37;secretary;13;1.0;APPROVED;4202007;Secretary;SNOMED;Observation;S;7;1;Social Context;308204000;20020131;20991231;
1;anorexia;54;1.0;APPROVED;442165;Loss of appetite;SNOMED;Observation;S;2;1;Clinical Finding;79890006;20020131;20991231;
4;saudi arabia;1;1.0;APPROVED;4330417;Saudi Arabia;SNOMED;Geography;S;0;1;Location;223616007;20020131;20991231;
2;Positive;4850;1.0;APPROVED;3968744;COVID-19 positive;LOINC;Meas Value;S;0;0;Answer;LA33551-5;19700101;20991231;
54;human resources;7;0.76;APPROVED;44803345;Human resource management;SNOMED;Observation;S;0;1;Qualifier Value;7,20721E+14;20101001;20991231;
1;vomiting;131;1.0;APPROVED;441408;Vomiting;SNOMED;Condition;S;26;2;Disorder;422400008;20070131;20991231;
1;muscle_pain;166;0.43;APPROVED;442752;Muscle pain;SNOMED;Condition;S;28;2;Clinical Finding;68962001;20020131;20991231;
5;spain;1;1.0;APPROVED;4328760;Spain;SNOMED;Geography;S;0;1;Location;223680008;20020131;20991231;
75;interpreter;2;1.0;APPROVED;4141554;Language interpreter;SNOMED;Observation;S;0;1;Social Context;308005007;20020131;20991231;
3;Doubtful;345;0.87;APPROVED;37079470;Doubtfully true;LOINC;Meas Value;S;0;0;Answer;LA29791-3;19700101;20991231;
59;environment worker;5;0.71;APPROVED;4242705;Environmental agent;SNOMED;Observation;S;0;1;Qualifier Value;37877001;20020131;20991231;
1;italy;11;1.0;APPROVED;4328757;Italy;SNOMED;Geography;S;0;1;Location;223668000;20020131;20991231;
1;fever;6261;1.0;APPROVED;437663;Fever;SNOMED;Condition;S;37;1;Clinical Finding;386661006;20030131;20991231;
6;usa;1;1.0;APPROVED;4330442;United States of America;SNOMED;Geography;S;0;1;Location;223688001;20020131;20991231;
1;Female;6791;1.0;APPROVED;8532;FEMALE;Gender;Gender;S;0;0;Gender;F;19700101;20991231;
38;military police;13;0.71;APPROVED;4031180;Policeman;SNOMED;Observation;S;3;1;Social Context;14406004;20020131;20991231;
51;teacher_professor;8;0.43;APPROVED;4023470;Teacher;SNOMED;Observation;S;9;2;Social Context;106304008;20020131;20991231;
55;supervisor;7;1.0;APPROVED;4341530;Supervisor;SNOMED;Observation;S;11;0;Social Context;236321002;20020131;20991231;
2;morocco;8;1.0;APPROVED;4071834;Morocco;SNOMED;Geography;S;0;1;Location;223513007;20020131;20991231;
7;portugal;1;1.0;APPROVED;4320170;Portugal;SNOMED;Geography;S;0;1;Location;223675004;20020131;20991231;
4;Inconclusive;30;1.0;APPROVED;45877990;Inconclusive;LOINC;Meas Value;S;0;0;Answer;LA9663-1;19700101;20991231;
2;Male;6615;1.0;APPROVED;8507;MALE;Gender;Gender;S;0;0;Gender;M;19700101;20991231;
52;bakery_pastry;7;0.42;APPROVED;4202768;Baker;SNOMED;Observation;S;1;1;Social Context;308241004;20020131;20991231;
1;Negative;8181;1.0;APPROVED;3968681;COVID-19 negative;LOINC;Meas Value;S;0;0;Answer;LA33552-3;19700101;20991231;
76;quality assurance;2;0.63;APPROVED;4171032;Insurance clerk;SNOMED;Observation;S;3;2;Social Context;47555006;20020131;20991231;
1;suspected;9244;1.0;APPROVED;37311060;Suspected COVID-19;SNOMED;Observation;S;0;1;Context-dependent;840544004;20200131;20991231;
60;communication officer;5;0.77;APPROVED;4009086;Information officer;SNOMED;Observation;S;0;1;Social Context;158862003;20020131;20991231;
61;landscaper;4;0.75;APPROVED;4288290;Landscape architect;SNOMED;Observation;S;0;1;Social Context;69731003;20020131;20991231;
62;consultant;4;1.0;APPROVED;4009366;Management consultant;SNOMED;Observation;S;0;1;Social Context;158885002;20020131;20991231;
